[{
  "title": "68 Middle Street",
  "address": {
    "street-address": "",
    "locality": "Brighton",
    "region": "Sussex",
    "country-name": "United Kingdom",
    "postal-code": "BN1 1AL",
    "plus-code": "9C2XRVC4+CQ"
  }
}, {
  "title": "AMC Mercado 20",
  "address": {
    "street-address": "3111 Mission College Boulevard",
    "locality": "Santa Clara",
    "region": "California",
    "country-name": "United States",
    "postal-code": "95054",
    "plus-code": "849W92Q8+MQ"
  }
}, {
  "title": "AMC Metreon 16",
  "address": {
    "street-address": "135 Fourth Street, Suite 3000",
    "locality": "San Francisco",
    "region": "California",
    "country-name": "United States",
    "postal-code": "94103",
    "plus-code": "849VQHMW+QJ"
  }
}, {
  "title": "Albion London",
  "address": {
    "street-address": "56 Shoreditch High Street",
    "locality": "Hackney",
    "region": "Greater London",
    "country-name": "United Kingdom",
    "postal-code": "E1 6PQ",
    "plus-code": "9C3XGWFF+G6"
  }
}, {
  "title": "Antenna",
  "address": {
    "street-address": "9A Beck Street",
    "locality": "Nottingham",
    "region": "Nottinghamshire",
    "country-name": "United Kingdom",
    "postal-code": "NG1 1EQ",
    "plus-code": "9C4WXV44+7Q"
  }
}, {
  "title": "Aperto",
  "address": {
    "street-address": "Chausseestraße 5",
    "locality": "Berlin",
    "region": "Berlin",
    "country-name": "Germany",
    "postal-code": "10115",
    "plus-code": "9F4MG9HP+5M"
  }
}, {
  "title": "Arena Birmingham",
  "url": "https://www.arenabham.co.uk",
  "address": {
    "street-address": "King Edwards Road",
    "locality": "Birmingham",
    "region": "West Midlands",
    "country-name": "United Kingdom",
    "postal-code": "B1 2AA",
    "plus-code": "9C4WF3HM+WX"
  },
  "former-names": [
    "National Indoor Arena"
  ]
}, {
  "title": "Assembly Buildings Conference Centre",
  "address": {
    "street-address": "2-10 Fisherwick Place",
    "locality": "Belfast",
    "region": "County Antrim",
    "country-name": "United Kingdom",
    "postal-code": "BT1 6DW",
    "plus-code": "9C6PH3W8+CF"
  }
}, {
  "title": "Assembly Hall",
  "address": {
    "street-address": "Mound Place",
    "locality": "Edinburgh",
    "region": "Lothian",
    "country-name": "United Kingdom",
    "postal-code": "EH1 2LU",
    "plus-code": "9C7RWRX3+WV"
  }
}, {
  "title": "BL_NK",
  "address": {
    "street-address": "37 East Rd",
    "locality": "Hoxton",
    "region": "Greater London",
    "country-name": "United Kingdom",
    "postal-code": "N1 6AZ",
    "plus-code": "9C3XGWH6+5M"
  }
}, {
  "title": "Barbican Centre",
  "address": {
    "street-address": "Silk Street",
    "locality": "City of London",
    "region": "Greater London",
    "country-name": "United Kingdom",
    "postal-code": "EC2Y 8DS",
    "plus-code": "9C3XGWC4+3F"
  }
}, {
  "title": "Bescot Stadium",
  "address": {
    "street-address": "Bescot Crescent",
    "locality": "Walsall",
    "region": "West Midlands",
    "country-name": "United Kingdom",
    "postal-code": "WS1 4SA",
    "plus-code": "9C4WH285+5J"
  }
}, {
  "title": "Beurs van Berlage",
  "url": "https://beursvanberlage.com",
  "address": {
    "street-address": "Damrak 243",
    "locality": "Amsterdam",
    "region": "North Holland",
    "country-name": "Netherlands",
    "postal-code": "1012 ZJ",
    "plus-code": "9F469VGW+3C"
  }
}, {
  "title": "Birmingham Science Park Aston",
  "address": {
    "street-address": "Holt Street",
    "locality": "Birmingham",
    "region": "West Midlands",
    "country-name": "United Kingdom",
    "postal-code": "B7 4BB",
    "plus-code": "9C4WF4Q7+F2"
  }
}, {
  "title": "Bricklayer’s Arms",
  "address": {
    "street-address": "31 Gresse Street",
    "locality": "Fitzrovia",
    "region": "Greater London",
    "country-name": "United Kingdom",
    "postal-code": "W1T 1QY",
    "plus-code": "9C3XGV98+4J"
  }
}, {
  "title": "Brighton Dome",
  "address": {
    "street-address": "Church Street",
    "locality": "Brighton",
    "region": "Sussex",
    "country-name": "United Kingdom",
    "postal-code": "BN1 1UE",
    "plus-code": "9C2XRVF6+FR"
  }
}, {
  "title": "Bristo Square",
  "address": {
    "street-address": "Bristo Square",
    "locality": "Edinburgh",
    "region": "Lothian",
    "country-name": "United Kingdom",
    "postal-code": "EH8 9AL",
    "plus-code": "9C7RWRW6+6G"
  },
  "content": "Operates under the name _Underbelly Bristo Square_ during the Edinburgh Festival Fringe."
}, {
  "title": "Brooklyn Navy Yard",
  "address": {
    "street-address": "Navy Yard",
    "locality": "Brooklyn",
    "region": "New York",
    "country-name": "United States",
    "postal-code": "11205",
    "plus-code": "87G8P22H+RM"
  }
}, {
  "title": "CEFCU Stadium",
  "address": {
    "street-address": "1257 S 10th Street",
    "locality": "San Jose",
    "region": "California",
    "country-name": "United States",
    "postal-code": "95112",
    "plus-code": "849W849J+VM"
  },
  "former-names": [
    "Spartan Stadium"
  ]
}, {
  "title": "Cardinal Place",
  "address": {
    "street-address": "3 Cardinal Walk",
    "locality": "Westminster",
    "region": "Greater London",
    "country-name": "United Kingdom",
    "postal-code": "SW1E 5JE",
    "plus-code": "9C3XFVW5+RH"
  }
}, {
  "title": "Caroline of Brunswick",
  "address": {
    "street-address": "39 Ditchling Road",
    "locality": "Brighton",
    "region": "Sussex",
    "country-name": "United Kingdom",
    "postal-code": "BN1 4SB",
    "plus-code": "9C2XRVJ8+75"
  }
}, {
  "title": "Central Hall Westminster",
  "url": "https://www.c-h-w.com",
  "address": {
    "street-address": "Storey’s Gate",
    "locality": "Westminster",
    "region": "Greater London",
    "country-name": "United Kingdom",
    "postal-code": "SW1H 9NH",
    "plus-code": "9C3XGV2C+24"
  }
}, {
  "title": "Century 20 Downtown Redwood City",
  "address": {
    "street-address": "825 Middlefield Road",
    "locality": "Redwood City",
    "region": "California",
    "country-name": "United States",
    "postal-code": "94063",
    "plus-code": "849VFQPC+FC"
  }
}, {
  "title": "Century Cinema 16",
  "address": {
    "street-address": "1500 North Shoreline Boulevard",
    "locality": "Mountain View",
    "region": "California",
    "country-name": "United States",
    "postal-code": "94043",
    "plus-code": "849VCW79+QG"
  }
}, {
  "title": "Cineworld Cinema",
  "address": {
    "street-address": "Bentley Bridge Park, Wednesfield Way",
    "locality": "Wolverhampton",
    "region": "West Midlands",
    "country-name": "United Kingdom",
    "postal-code": "WV11 1TZ",
    "plus-code": "9C4VHWW5+F6"
  }
}, {
  "title": "Cineworld Eastbourne at The Beacon",
  "url": "https://www.cineworld.co.uk/cinemas/eastbourne-at-the-beacon",
  "address": {
    "street-address": "The Beacon, Terminus Road",
    "locality": "Eastbourne",
    "region": "Sussex",
    "country-name": "United Kingdom",
    "postal-code": "BN21 3NW",
    "plus-code": "9F22Q79J+JQ"
  }
}, {
  "title": "Circuit de Spa-Francorchamps",
  "address": {
    "street-address": "Route du Circuit 55",
    "locality": "Stavelot",
    "region": "Liège",
    "country-name": "Belgium",
    "postal-code": "4970",
    "plus-code": "9F27CXPC+QR"
  }
}, {
  "title": "City Screen Picturehouse",
  "url": "https://www.picturehouses.com/cinema/York_Picturehouse",
  "address": {
    "street-address": "13-17 Coney Street",
    "locality": "York",
    "region": "North Yorkshire",
    "country-name": "United Kingdom",
    "postal-code": "YO1 9QL",
    "plus-code": "9C5WXW58+M4"
  }
}, {
  "title": "Congress Theatre",
  "url": "https://www.eastbournetheatres.co.uk/venue/congress-theatre",
  "address": {
    "street-address": "49 Carlisle Road",
    "locality": "Eastbourne",
    "region": "Sussex",
    "country-name": "United Kingdom",
    "postal-code": "BN21 4JR",
    "plus-code": "9F22Q77M+49"
  }
}, {
  "title": "Connaught Theatre",
  "url": "https://worthingtheatres.co.uk",
  "address": {
    "street-address": "Union Place",
    "locality": "Worthing",
    "region": "Sussex",
    "country-name": "United Kingdom",
    "postal-code": "BN11 1LG",
    "plus-code": "9C2XRJ7H+FR"
  }
}, {
  "title": "Conway Hall Ethical Society",
  "address": {
    "street-address": "25 Red Lion Square",
    "locality": "Bloomsbury",
    "region": "Greater London",
    "country-name": "United Kingdom",
    "postal-code": "WC1R 4RL",
    "plus-code": "9C3XGV9J+VM"
  }
}, {
  "title": "Corn Exchange",
  "address": {
    "street-address": "Church Street",
    "locality": "Brighton",
    "region": "Sussex",
    "country-name": "United Kingdom",
    "postal-code": "BN1 1UE",
    "plus-code": "9C2XRVF6+FG"
  }
}, {
  "title": "D&amp;AD",
  "url": "https://www.dandad.org/",
  "address": {
    "street-address": "64 Cheshire Street",
    "locality": "Bethnal Green",
    "region": "Greater London",
    "country-name": "United Kingdom",
    "postal-code": "E2 6EH",
    "plus-code": "9C3XGWFJ+CC"
  }
}, {
  "title": "De Vere Grand Connaught Rooms",
  "address": {
    "street-address": "61-65 Great Queen Street",
    "locality": "Holborn",
    "region": "Greater London",
    "country-name": "United Kingdom",
    "postal-code": "WC2B 5DA",
    "plus-code": "9C3XGV8H+6Q"
  }
}, {
  "title": "Design Museum",
  "url": "https://designmuseum.org",
  "address": {
    "street-address": "224-238 Kensington High Street",
    "locality": "Kensington",
    "region": "Greater London",
    "country-name": "United Kingdom",
    "postal-code": "W8 6AG",
    "plus-code": "9C3XFQXX+XW"
  }
}, {
  "title": "Diespeker Wharf",
  "address": {
    "street-address": "38 Graham Street",
    "locality": "Islington",
    "region": "Greater London",
    "country-name": "United Kingdom",
    "postal-code": "N1 8JX",
    "plus-code": "9C3XGWJ2+X8"
  }
}, {
  "title": "Digitas",
  "url": "https://www.digitas.com/en-gb/offices/london",
  "address": {
    "street-address": "146 Brick Lane",
    "locality": "City of London",
    "region": "Greater London",
    "country-name": "United Kingdom",
    "postal-code": "E1 6QL",
    "plus-code": "9C3XGWCH+C8"
  }
}, {
  "title": "Divadlo ABC",
  "address": {
    "street-address": "Vodičkova 28",
    "locality": "Prague",
    "region": "Prague",
    "country-name": "Czech Republic",
    "postal-code": "110 00",
    "plus-code": "9F2P3CJF+7P"
  }
}, {
  "title": "Duke of York’s Picturehouse",
  "url": "https://www.picturehouses.com/cinema/duke-of-york-s-picturehouse",
  "address": {
    "street-address": "Preston Road",
    "locality": "Brighton",
    "region": "Sussex",
    "country-name": "United Kingdom",
    "postal-code": "BN1 4NA",
    "plus-code": "9C2XRVM6+HM"
  }
}, {
  "title": "Duke’s at Komedia",
  "url": "https://www.picturehouses.com/cinema/duke-s-at-komedia",
  "address": {
    "street-address": "44–47 Gardner Street",
    "locality": "Brighton",
    "region": "Sussex",
    "country-name": "United Kingdom",
    "postal-code": "BN1 1UN",
    "plus-code": "9C2XRVF6+X6"
  }
}, {
  "title": "Dulwich Picture Gallery",
  "url": "https://dulwichpicturegallery.org.uk",
  "address": {
    "street-address": "Gallery Road",
    "locality": "Dulwich",
    "region": "Greater London",
    "country-name": "United Kingdom",
    "postal-code": "SE21 7AD",
    "plus-code": "9C3XCWW7+9C"
  }
}, {
  "title": "Edinburgh International Conference Centre",
  "url": "https://www.eicc.co.uk",
  "address": {
    "street-address": "The Exchange, 150 Morrison St",
    "locality": "Edinburgh",
    "region": "Lothian",
    "country-name": "United Kingdom",
    "postal-code": "EH3 8EE",
    "plus-code": "9C7RXQWR+C2"
  }
}, {
  "title": "Edinburgh Playhouse",
  "address": {
    "street-address": "18-22 Greenside Lane",
    "locality": "Edinburgh",
    "region": "Lothian",
    "country-name": "United Kingdom",
    "postal-code": "EH1 3AA",
    "plus-code": "9C7RXR48+P2"
  }
}, {
  "title": "Embarcadero Center Cinema",
  "address": {
    "street-address": "1 Embarcadero Center",
    "locality": "San Francisco",
    "region": "California",
    "country-name": "United States",
    "postal-code": "94111",
    "plus-code": "849VQJV2+X5"
  }
}, {
  "title": "Emmanuel Centre",
  "url": "https://www.emmanuelcentre.com",
  "address": {
    "street-address": "9-23 Marsham Street",
    "locality": "Westminster",
    "region": "Greater London",
    "country-name": "United Kingdom",
    "postal-code": "SW1P 3DW",
    "plus-code": "9C3XFVWC+H8"
  }
}, {
  "title": "Euston Tower",
  "address": {
    "street-address": "286 Euston Road",
    "locality": "Camden",
    "region": "Greater London",
    "country-name": "United Kingdom",
    "postal-code": "NW1 3DP",
    "plus-code": "9C3XGVG6+47"
  }
}, {
  "title": "Exeter Picturehouse",
  "url": "https://www.picturehouses.com/cinema/Exeter_Picturehouse",
  "address": {
    "street-address": "51 Bartholomew Street West",
    "locality": "Exeter",
    "region": "Devon",
    "country-name": "United Kingdom",
    "postal-code": "EX4 3AJ",
    "plus-code": "9C2RPFC7+8C"
  }
}, {
  "title": "Eye",
  "url": "https://eyefilm.nl",
  "address": {
    "street-address": "IJpromenade 1",
    "locality": "Amsterdam",
    "region": "North Holland",
    "country-name": "Netherlands",
    "postal-code": "1031 KT",
    "plus-code": "9F469WM2+PG"
  }
}, {
  "title": "Franklin Wilkins Building",
  "address": {
    "street-address": "King’s College London, 150 Stamford Street",
    "locality": "Lambeth",
    "region": "Greater London",
    "country-name": "United Kingdom",
    "postal-code": "SE1 9NH",
    "plus-code": "9C3XGV4Q+55"
  }
}, {
  "title": "Gagosian",
  "url": "https://gagosian.com/locations/london-britannia-street/",
  "address": {
    "street-address": "6–24 Britannia Street",
    "locality": "Clerkenwell",
    "region": "Greater London",
    "country-name": "United Kingdom",
    "postal-code": "WC1X 9JD",
    "plus-code": "9C3XGVJJ+2Q"
  }
}, {
  "title": "George R. Moscone Convention Center",
  "url": "https://www.moscone.com",
  "address": {
    "street-address": "747 Howard Street",
    "locality": "San Francisco",
    "region": "California",
    "country-name": "United States",
    "postal-code": "94103",
    "plus-code": "849VQHMX+PP"
  }
}, {
  "title": "George Square Lecture Theatre",
  "address": {
    "street-address": "George Square",
    "locality": "Edinburgh",
    "region": "Lothian",
    "country-name": "United Kingdom",
    "postal-code": "EH8 9LH",
    "plus-code": "9C7RWRV6+4P"
  },
  "content": "Operates under the name _Assembly George Square_ during the Edinburgh Festival Fringe."
}, {
  "title": "Gillian Lynne Theatre",
  "url": "https://lwtheatres.co.uk/theatres/gillian-lynne/",
  "address": {
    "street-address": "Drury Lane",
    "locality": "Holborn",
    "region": "Greater London",
    "country-name": "United Kingdom",
    "postal-code": "WC2B 5PF",
    "plus-code": "9C3XGV8G+4W"
  }
}, {
  "title": "Goodwood Motor Circuit",
  "url": "https://www.goodwood.com",
  "address": {
    "street-address": "",
    "locality": "Chichester",
    "region": "Sussex",
    "country-name": "United Kingdom",
    "postal-code": "PO18 0PX",
    "plus-code": "9C2XV65X+Q8"
  }
}, {
  "title": "Hampden Park",
  "address": {
    "street-address": "36 Somerville Drive",
    "locality": "Glasgow",
    "region": "Lanarkshire",
    "country-name": "United Kingdom",
    "postal-code": "G42 9BU",
    "plus-code": "9C7QRPGX+85"
  }
}, {
  "title": "Hayward Gallery",
  "url": "https://southbankcentre.co.uk/venues/hayward-gallery",
  "address": {
    "street-address": "Southbank Centre, 337-338 Belvedere Rd",
    "locality": "Lambeth",
    "region": "Greater London",
    "country-name": "United Kingdom",
    "postal-code": "SE1 8XX",
    "plus-code": "9C3XGV4M+FR"
  }
}, {
  "title": "Het Compagnietheater",
  "url": "https://www.compagnietheater.nl",
  "address": {
    "street-address": "Kloveniersburgwal 50",
    "locality": "Amsterdam",
    "region": "North Holland",
    "country-name": "Netherlands",
    "postal-code": "1012 CX",
    "plus-code": "9F469VCX+53"
  }
}, {
  "title": "Historisches Kaufhaus",
  "address": {
    "street-address": "Münsterplatz 24",
    "locality": "Freiburg im Breisgau",
    "region": "Baden-Württemberg",
    "country-name": "Germany",
    "postal-code": "79098",
    "plus-code": "8FV9XVV3+X3"
  }
}, {
  "title": "Horse Guards Parade",
  "address": {
    "street-address": "66 Whitehall",
    "locality": "Westminster",
    "region": "Greater London",
    "country-name": "United Kingdom",
    "postal-code": "SW1A 2AX",
    "plus-code": "9C3XGV3F+X6"
  }
}, {
  "title": "Internet Advertising Bureau",
  "address": {
    "street-address": "14 Macklin Street",
    "locality": "Bloomsbury",
    "region": "Greater London",
    "country-name": "United Kingdom",
    "postal-code": "WC2B 5NF",
    "plus-code": "9C3XGV8H+72"
  }
}, {
  "title": "Jericho Tavern",
  "address": {
    "street-address": "56 Walton Street",
    "locality": "Oxford",
    "region": "Oxfordshire",
    "country-name": "United Kingdom",
    "postal-code": "OX2 6AE",
    "plus-code": "9C3WQP6M+3C"
  }
}, {
  "title": "Jug &amp; Jester",
  "address": {
    "street-address": "11 Bath St",
    "locality": "Royal Leamington Spa",
    "region": "Warwickshire",
    "country-name": "United Kingdom",
    "postal-code": "CV31 3AF",
    "plus-code": "9C4W7FP8+7R"
  }
}, {
  "title": "Kensington Conference and Events Centre",
  "url": "https://www.rbkc.gov.uk/royal-borough-venues/kensington-conference-and-events-centre/",
  "address": {
    "street-address": "Kensington Town Hall, Hornton St",
    "locality": "Kensington",
    "region": "Greater London",
    "country-name": "United Kingdom",
    "postal-code": "W8 7NX",
    "plus-code": "9C3XGR24+Q4"
  }
}, {
  "title": "Kings Place",
  "url": "https://www.kingsplace.co.uk",
  "address": {
    "street-address": "90 York Way",
    "locality": "Kings Cross",
    "region": "Greater London",
    "country-name": "United Kingdom",
    "postal-code": "N1 9AG",
    "plus-code": "9C3XGVMH+X7"
  }
}, {
  "title": "KoKos",
  "address": {
    "street-address": "45 Warwick Street",
    "locality": "Royal Leamington Spa",
    "region": "Warwickshire",
    "country-name": "United Kingdom",
    "postal-code": "CV32 5JX",
    "plus-code": "9C4W7FR7+R5"
  }
}, {
  "title": "Koko",
  "url": "http://www.koko.uk.com",
  "address": {
    "street-address": "1A Camden High Street",
    "locality": "Camden Town",
    "region": "Greater London",
    "country-name": "United Kingdom",
    "postal-code": "NW1 7JE",
    "plus-code": "9C3XGVM6+VM"
  }
}, {
  "title": "Komedia Brighton",
  "url": "https://www.komedia.co.uk/brighton/",
  "address": {
    "street-address": "44–47 Gardner Street",
    "locality": "Brighton",
    "region": "Sussex",
    "country-name": "United Kingdom",
    "postal-code": "BN1 1UN",
    "plus-code": "9C2XRVF6+X7"
  }
}, {
  "title": "LBi Denmark",
  "address": {
    "street-address": "Vermundsgade 40A",
    "locality": "Copenhagen",
    "region": "Capital Region of Denmark",
    "country-name": "Denmark",
    "postal-code": "2100",
    "plus-code": "9F7JPH52+4P"
  }
}, {
  "title": "LCB Depot",
  "url": "http://www.lcbdepot.co.uk",
  "address": {
    "street-address": "31 Rutland Street",
    "locality": "Leicester",
    "region": "Leicestershire",
    "country-name": "United Kingdom",
    "postal-code": "LE1 1RE",
    "plus-code": "9C4WJVMC+RQ"
  }
}, {
  "title": "Lab for the Recently Possible",
  "address": {
    "street-address": "45 Gloucester Street",
    "locality": "Brighton",
    "region": "Sussex",
    "country-name": "United Kingdom",
    "postal-code": "BN1 4EW",
    "plus-code": "9C2XRVG7+RJ"
  }
}, {
  "title": "Lee Valley VeloPark",
  "address": {
    "street-address": "Abercrombie Road, Queen Elizabeth Olympic Park",
    "locality": "Chobham Manor",
    "region": "Greater London",
    "country-name": "United Kingdom",
    "postal-code": "E20 3AB",
    "plus-code": "9C3XHX2M+7V"
  }
}, {
  "title": "Leicester Square Theatre",
  "url": "https://www.leicestersquaretheatre.com",
  "address": {
    "street-address": "6 Leicester Place",
    "locality": "Soho",
    "region": "Greater London",
    "country-name": "United Kingdom",
    "postal-code": "WC2H 7BX",
    "plus-code": "9C3XGV69+HW"
  }
}, {
  "title": "Lighthouse",
  "address": {
    "street-address": "28 Kensington Street",
    "locality": "Brighton",
    "region": "Sussex",
    "country-name": "United Kingdom",
    "postal-code": "BN1 4AJ",
    "plus-code": "9C2XRVG6+9M"
  }
}, {
  "title": "Logan Hall",
  "url": "https://20bedfordway.com/logan-hall/",
  "address": {
    "street-address": "University College London, 20 Bedford Way",
    "locality": "Bloomsbury",
    "region": "Greater London",
    "country-name": "United Kingdom",
    "postal-code": "WC1H 0AL",
    "plus-code": "9C3XGVFC+6R"
  }
}, {
  "title": "London Aquatics Centre",
  "url": "https://www.londonaquaticscentre.org",
  "address": {
    "street-address": "Queen Elizabeth Olympic Park",
    "locality": "Old Ford",
    "region": "Greater London",
    "country-name": "United Kingdom",
    "postal-code": "E20 2ZQ",
    "plus-code": "9C3XGXRQ+3Q"
  }
}, {
  "title": "London Stadium",
  "url": "https://www.london-stadium.com",
  "address": {
    "street-address": "Stratford Walk",
    "locality": "Old Ford",
    "region": "Greater London",
    "country-name": "United Kingdom",
    "postal-code": "E15 2NG",
    "plus-code": "9C3XGXQM+F9"
  },
  "former-names": [
    "Olympic Stadium",
    "The Stadium at Queen Elizabeth Olympic Park"
  ]
}, {
  "title": "London Transport Museum",
  "url": "https://www.ltmuseum.co.uk",
  "address": {
    "street-address": "Covent Garden Piazza",
    "locality": "Covent Garden",
    "region": "Greater London",
    "country-name": "United Kingdom",
    "postal-code": "WC2E 7BB",
    "plus-code": "9C3XGV6H+Q9"
  }
}, {
  "title": "Manchester Academy",
  "address": {
    "street-address": "Oxford Road",
    "locality": "Manchester",
    "region": "Greater Manchester",
    "country-name": "United Kingdom",
    "postal-code": "M13 9PR",
    "plus-code": "9C5VFQ79+FC"
  }
}, {
  "title": "National Railway Museum",
  "url": "https://www.railwaymuseum.org.uk",
  "address": {
    "street-address": "Leeman Road",
    "locality": "York",
    "region": "North Yorkshire",
    "country-name": "United Kingdom",
    "postal-code": "YO26 4XJ",
    "plus-code": "9C5WXW63+6F"
  }
}, {
  "title": "Nordic House",
  "url": "https://nordichouse.is",
  "address": {
    "street-address": "Sæmundargata 11",
    "locality": "Reykjavík",
    "region": "Capital Region",
    "country-name": "Iceland",
    "postal-code": "101",
    "plus-code": "99PW43Q3+79"
  }
}, {
  "title": "Odeon Cinema",
  "url": "https://www.odeon.co.uk/cinemas/brighton/71/",
  "address": {
    "street-address": "Kingswest",
    "locality": "Brighton",
    "region": "Sussex",
    "country-name": "United Kingdom",
    "postal-code": "BN1 2RE",
    "plus-code": "9C2XRVC3+CV"
  }
}, {
  "title": "Odeon Cinema",
  "url": "https://www.odeon.co.uk/cinemas/greenwich/6/",
  "address": {
    "street-address": "Bugsby Way",
    "locality": "Greenwich",
    "region": "Greater London",
    "country-name": "United Kingdom",
    "postal-code": "SE10 0QJ",
    "plus-code": "9F32F2R7+64"
  }
}, {
  "title": "Odeon Cinema",
  "url": "https://www.odeon.co.uk/cinemas/birmingham_new_street/67/",
  "address": {
    "street-address": "139 New Street",
    "locality": "Birmingham",
    "region": "West Midlands",
    "country-name": "United Kingdom",
    "postal-code": "B2 4NU",
    "plus-code": "9C4WF4H3+CC"
  }
}, {
  "title": "Old Design Museum",
  "url": "https://designmuseum.org",
  "address": {
    "street-address": "28 Shad Thames",
    "locality": "Wapping",
    "region": "Greater London",
    "country-name": "United Kingdom",
    "postal-code": "SE1 2YD",
    "plus-code": "9C3XGW3G+H4"
  }
}, {
  "title": "Old Monk",
  "address": {
    "street-address": "Fraternity House, 103-107 Norfolk Street",
    "locality": "Sheffield",
    "region": "Yorkshire",
    "country-name": "United Kingdom",
    "postal-code": "S1 2JE",
    "plus-code": "9C5W9GJJ+7R"
  }
}, {
  "title": "Old Trafford",
  "address": {
    "street-address": "Sir Matt Busby Way",
    "locality": "Old Trafford",
    "region": "Greater Manchester",
    "country-name": "United Kingdom",
    "postal-code": "M16 0QG",
    "plus-code": "9C5VFP75+6F"
  }
}, {
  "title": "Oslo Opera House",
  "address": {
    "street-address": "Kirsten Flagstads Plass 1",
    "locality": "Oslo",
    "country-name": "Norway",
    "postal-code": "0150",
    "plus-code": "9FFGWQ43+X7"
  }
}, {
  "title": "Palace Hotel",
  "url": "https://www.sfpalace.com",
  "address": {
    "street-address": "2 New Montgomery Street",
    "locality": "San Francisco",
    "region": "California",
    "country-name": "United States",
    "postal-code": "94105",
    "plus-code": "849VQHQX+67"
  }
}, {
  "title": "Palads Teatret",
  "url": "https://nfbio.dk/biografer/palads",
  "address": {
    "street-address": "Axeltorv 9",
    "locality": "Copenhagen",
    "country-name": "Denmark",
    "postal-code": "1609",
    "plus-code": "9F7JMHG7+HC"
  }
}, {
  "title": "Parish",
  "url": "https://www.theparishaustin.com/",
  "address": {
    "street-address": "214 E 6th Street",
    "locality": "Austin",
    "region": "Texas",
    "country-name": "United States",
    "postal-code": "78701",
    "plus-code": "86247795+3P"
  }
}, {
  "title": "Pathé Tuschinski",
  "url": "https://www.pathe.nl/bioscoop/tuschinski",
  "address": {
    "street-address": "Reguliersbreestraat 26-34",
    "locality": "Amsterdam",
    "region": "North Holland",
    "country-name": "Netherlands",
    "postal-code": "1017 CN",
    "plus-code": "9F469V8V+HV"
  }
}, {
  "title": "Pleasance Festival Theatre",
  "url": "https://www.pleasance.co.uk/edinburgh-spaces",
  "address": {
    "street-address": "60 Pleasance",
    "locality": "Edinburgh",
    "region": "Lothian",
    "country-name": "United Kingdom",
    "postal-code": "EH8 9TJ",
    "plus-code": "9C7RWRX9+35"
  }
}, {
  "title": "Potterrow",
  "address": {
    "street-address": "1 Bristo Square",
    "locality": "Edinburgh",
    "region": "Lothian",
    "country-name": "United Kingdom",
    "postal-code": "EH8 9AL",
    "plus-code": "9C7RWRW6+9M"
  },
  "content": "Operates under the name _Pleasance Dome_ during the Edinburgh Festival Fringe."
}, {
  "title": "Preston Park",
  "address": {
    "street-address": "Preston Road",
    "locality": "Brighton",
    "region": "Sussex",
    "country-name": "United Kingdom",
    "postal-code": "BN1 6SD",
    "plus-code": "9C2XRVQ3+WH"
  }
}, {
  "title": "Principality Stadium",
  "url": "https://www.principalitystadium.wales",
  "address": {
    "street-address": "10 Millennium Walk",
    "locality": "",
    "region": "Cardiff",
    "country-name": "United Kingdom",
    "postal-code": "CF10 1NS",
    "plus-code": "9C3RFRH8+7W"
  },
  "former-names": [
    "Millennium Stadium"
  ]
}, {
  "title": "Proud Camden",
  "address": {
    "street-address": "The Stables Market, Chalk Farm Road",
    "locality": "Camden Town",
    "region": "Greater London",
    "country-name": "United Kingdom",
    "postal-code": "NW1 8AH",
    "plus-code": "9C3XGVR2+XG"
  }
}, {
  "title": "Queen Elizabeth Hall",
  "url": "https://southbankcentre.co.uk/venues/queen-elizabeth-hall",
  "address": {
    "street-address": "Southbank Centre, 337-338 Belvedere Road",
    "locality": "Lambeth",
    "region": "Greater London",
    "country-name": "United Kingdom",
    "postal-code": "SE1 8XX",
    "plus-code": "9C3XGV4M+MG"
  }
}, {
  "title": "Queen Elizabeth II Centre",
  "address": {
    "street-address": "Broad Sanctuary",
    "locality": "Westminster",
    "region": "Greater London",
    "country-name": "United Kingdom",
    "postal-code": "SW1P 3EE",
    "plus-code": "9C3XGV2C+3C"
  }
}, {
  "title": "Reid Concert Hall",
  "address": {
    "street-address": "Bristo Square",
    "locality": "Edinburgh",
    "region": "Lothian",
    "country-name": "United Kingdom",
    "postal-code": "EH8 9AJ",
    "plus-code": "9C7RWRV6+X6"
  },
  "content": "Operates under the name _Underbelly Cowbarn_ during the Edinburgh Festival Fringe."
}, {
  "title": "Royal Academy of Arts",
  "url": "https://www.royalacademy.org.uk",
  "address": {
    "street-address": "Burlington House",
    "locality": "Mayfair",
    "region": "Greater London",
    "country-name": "United Kingdom",
    "postal-code": "W1J 0BD",
    "plus-code": "9C3XGV56+Q3"
  }
}, {
  "title": "Royal Albert Hall",
  "url": "https://www.royalalberthall.com",
  "address": {
    "street-address": "Kensington Gore",
    "locality": "South Kensington",
    "region": "Greater London",
    "country-name": "United Kingdom",
    "postal-code": "SW7 2AP",
    "plus-code": "9C3XGR2F+93"
  }
}, {
  "title": "Royal Botanic Gardens, Kew",
  "url": "https://www.kew.org",
  "address": {
    "street-address": "",
    "locality": "Richmond",
    "region": "Greater London",
    "country-name": "United Kingdom",
    "postal-code": "TW9 3AE",
    "plus-code": "9C3XFPH3+FQ"
  }
}, {
  "title": "Sadler’s Wells Theatre",
  "url": "https://www.sadlerswells.com",
  "address": {
    "street-address": "Rosebery Avenue",
    "locality": "Clerkenwell",
    "region": "Greater London",
    "country-name": "United Kingdom",
    "postal-code": "EC1R 4TN",
    "plus-code": "9C3XGVHV+PF"
  }
}, {
  "title": "Sallis Benney Theatre",
  "address": {
    "street-address": "58-67 Grand Parade",
    "locality": "Brighton",
    "region": "Sussex",
    "country-name": "United Kingdom",
    "postal-code": "BN2 0JY",
    "plus-code": "9C2XRVF7+PR"
  }
}, {
  "title": "Science Museum",
  "url": "https://www.sciencemuseum.org.uk",
  "address": {
    "street-address": "Exhibition Road",
    "locality": "Kensington",
    "region": "Greater London",
    "country-name": "United Kingdom",
    "postal-code": "SW7 2DD",
    "plus-code": "9C3XFRXG+45"
  }
}, {
  "title": "Scotiabank Arena",
  "address": {
    "street-address": "40 Bay Street",
    "locality": "Toronto",
    "region": "Ontario",
    "country-name": "Canada",
    "postal-code": "M5J 2X2",
    "plus-code": "87M2JJVC+99"
  },
  "former-names": [
    "Air Canada Centre"
  ]
}, {
  "title": "Scottish National Gallery of Modern Art, Modern Two",
  "url": "https://www.nationalgalleries.org",
  "address": {
    "street-address": "73 Belford Rd",
    "locality": "Edinburgh",
    "region": "Lothian",
    "country-name": "United Kingdom",
    "postal-code": "EH4 3DS",
    "plus-code": "9C7RXQ2C+P8"
  }
}, {
  "title": "Serpentine Gallery",
  "url": "https://www.serpentinegalleries.org",
  "address": {
    "street-address": "Kensington Gardens",
    "locality": "Kensington",
    "region": "Greater London",
    "country-name": "United Kingdom",
    "postal-code": "W2 3XA",
    "plus-code": "9C3XGR3F+VX"
  }
}, {
  "title": "Sheraton Grand Chicago",
  "url": "https://www.marriott.com/hotels/travel/chigs-sheraton-grand-chicago/",
  "address": {
    "street-address": "301 E North Water Street",
    "locality": "Chicago",
    "region": "Illinois",
    "country-name": "United States",
    "postal-code": "60611",
    "plus-code": "86HJV9QJ+J3"
  }
}, {
  "title": "Sherwood Pines Forest Park",
  "url": "https://www.forestryengland.uk/sherwood-pines",
  "address": {
    "street-address": "Edwinstowe",
    "locality": "Mansfield",
    "region": "Nottinghamshire",
    "country-name": "United Kingdom",
    "postal-code": "NG21 9JL",
    "plus-code": "9C5W5W73+WQ"
  }
}, {
  "title": "Showcase Cinema",
  "address": {
    "street-address": "Bentley Mill Way",
    "locality": "Walsall",
    "region": "West Midlands",
    "country-name": "United Kingdom",
    "postal-code": "WS2 0LE",
    "plus-code": "9C4VHXJM+HC"
  }
}, {
  "title": "Silverstone Circuit",
  "address": {
    "street-address": "Silverstone",
    "locality": "Towcester",
    "region": "Northamptonshire",
    "country-name": "United Kingdom",
    "postal-code": "NN12 8TN",
    "plus-code": "9C4W3XFP+84"
  }
}, {
  "title": "Slagthuset",
  "url": "http://slagthusetmmx.se",
  "address": {
    "street-address": "Jörgen Kocksgatan 7a",
    "locality": "Malmö",
    "region": "Skåne County",
    "country-name": "Sweden",
    "postal-code": "211 20",
    "plus-code": "9F7MJ263+97"
  }
}, {
  "title": "Soho Theatre",
  "url": "https://sohotheatre.com",
  "address": {
    "street-address": "21 Dean Street",
    "locality": "Soho",
    "region": "Greater London",
    "country-name": "United Kingdom",
    "postal-code": "W1D 3NE",
    "plus-code": "9C3XGV78+QR"
  }
}, {
  "title": "Solomon R. Guggenheim Museum",
  "address": {
    "street-address": "1071 5th Avenue",
    "locality": "New York",
    "region": "New York",
    "country-name": "United States",
    "postal-code": "10128",
    "plus-code": "87G8Q2MR+5C"
  }
}, {
  "title": "St Bride Library",
  "url": "https://www.sbf.org.uk",
  "address": {
    "street-address": "14 Bride Lane",
    "locality": "City of London",
    "region": "Greater London",
    "country-name": "United Kingdom",
    "postal-code": "EC4Y 8EQ",
    "plus-code": "9C3XGV7V+9X"
  }
}, {
  "title": "Tate Modern",
  "url": "https://www.tate.org.uk/visit/tate-modern",
  "address": {
    "street-address": "",
    "locality": "Bankside",
    "region": "Greater London",
    "country-name": "United Kingdom",
    "postal-code": "SE1 9TG",
    "plus-code": "9C3XGW52+27"
  }
}, {
  "title": "Teviot Row House",
  "address": {
    "street-address": "13 Bristo Place",
    "locality": "Edinburgh",
    "region": "Lothian",
    "country-name": "United Kingdom",
    "postal-code": "EH8 9AJ",
    "plus-code": "9C7RWRW6+2C"
  },
  "content": "Operates under the name _Gilded Balloon Teviot_ during the Edinburgh Festival Fringe."
}, {
  "title": "The Albert Hall Conference Centre",
  "address": {
    "street-address": "North Circus Street",
    "locality": "Nottingham",
    "region": "Nottinghamshire",
    "country-name": "United Kingdom",
    "postal-code": "NG1 5AA",
    "plus-code": "9C4WXR3V+QC"
  }
}, {
  "title": "The Alexandra",
  "address": {
    "street-address": "15 Suffolk Street",
    "locality": "Birmingham",
    "region": "West Midlands",
    "country-name": "United Kingdom",
    "postal-code": "B1 1LT",
    "plus-code": "9C4WF3GX+FF"
  }
}, {
  "title": "The All England Lawn Tennis &amp; Croquet Club",
  "url": "https://www.wimbledon.com",
  "address": {
    "street-address": "3 Church Road",
    "locality": "Wimbledon",
    "region": "Greater London",
    "country-name": "United Kingdom",
    "postal-code": "SW19 5AG",
    "plus-code": "9C3XCQMP+P6"
  }
}, {
  "title": "The Buszy",
  "address": {
    "street-address": "401 Elder Gate",
    "locality": "Milton Keynes",
    "region": "Buckinghamshire",
    "country-name": "United Kingdom",
    "postal-code": "MK9 1LR",
    "plus-code": "9C4X26MH+QQ"
  }
}, {
  "title": "The Cumberland Hotel",
  "address": {
    "street-address": "Great Cumberland Place",
    "locality": "Marylebone",
    "region": "Greater London",
    "country-name": "United Kingdom",
    "postal-code": "W1H 7AL",
    "plus-code": "9C3XGR7R+GH"
  }
}, {
  "title": "The Duke of York’s Theatre",
  "address": {
    "street-address": "St. Martin’s Lane",
    "locality": "Westminster",
    "region": "Greater London",
    "country-name": "United Kingdom",
    "postal-code": "WC2N 4BG",
    "plus-code": "9C3XGV6F+35"
  }
}, {
  "title": "The Elephant &amp; Castle",
  "address": {
    "street-address": "White Hill",
    "locality": "Lewes",
    "region": "Sussex",
    "country-name": "United Kingdom",
    "postal-code": "BN7 2DJ",
    "plus-code": "9F22V2F5+XC"
  }
}, {
  "title": "The Fillmore",
  "url": "http://thefillmore.com",
  "address": {
    "street-address": "1805 Geary Boulevard",
    "locality": "San Francisco",
    "region": "California",
    "country-name": "United States",
    "postal-code": "94115",
    "plus-code": "849VQHM8+HQ"
  }
}, {
  "title": "The Financial Times",
  "address": {
    "street-address": "1 Southwark Bridge",
    "locality": "Southwark",
    "region": "Greater London",
    "country-name": "United Kingdom",
    "postal-code": "SE1 9HL",
    "plus-code": "9C3XGW44+X6"
  }
}, {
  "title": "The Guardian Media Group",
  "url": "https://theguardian.com",
  "address": {
    "street-address": "Kings Place, 90 York Way",
    "locality": "Kings Cross",
    "region": "Greater London",
    "country-name": "United Kingdom",
    "postal-code": "N1 9GU",
    "plus-code": "9C3XGVMH+W7"
  }
}, {
  "title": "The Independent",
  "url": "https://www.theindependentsf.com",
  "address": {
    "street-address": "628 Divisadero Street",
    "locality": "San Francisco",
    "region": "California",
    "country-name": "United States",
    "postal-code": "94117",
    "plus-code": "849VQHG6+6V"
  }
}, {
  "title": "The Institution of Structural Engineers",
  "address": {
    "street-address": "47-58 Bastwick Street",
    "locality": "City of London",
    "region": "Greater London",
    "country-name": "United Kingdom",
    "postal-code": "EC1V 3PS",
    "plus-code": "9C3XGWF2+WX"
  }
}, {
  "title": "The Joker",
  "address": {
    "street-address": "2 Preston Road",
    "locality": "Brighton",
    "region": "Sussex",
    "country-name": "United Kingdom",
    "postal-code": "BN1 4QF",
    "plus-code": "9C2XRVM6+GC"
  }
}, {
  "title": "The Library of Birmingham",
  "address": {
    "street-address": "Broad Street",
    "locality": "Birmingham",
    "region": "West Midlands",
    "country-name": "United Kingdom",
    "postal-code": "B1 2ND",
    "plus-code": "9C4WF3HR+VJ"
  }
}, {
  "title": "The O2",
  "url": "https://www.theo2.co.uk",
  "address": {
    "street-address": "Peninsula Square",
    "locality": "Isle of Dogs",
    "region": "Greater London",
    "country-name": "United Kingdom",
    "postal-code": "SE10 0DX",
    "plus-code": "9F32G233+67"
  }
}, {
  "title": "The Old Market",
  "url": "https://theoldmarket.com",
  "address": {
    "street-address": "11 Upper Market Street",
    "locality": "Hove",
    "region": "Sussex",
    "country-name": "United Kingdom",
    "postal-code": "BN3 1AS",
    "plus-code": "9C2XRRFV+R2"
  }
}, {
  "title": "The Old School House",
  "address": {
    "street-address": "191 Fazeley Street",
    "locality": "Birmingham",
    "region": "West Midlands",
    "country-name": "United Kingdom",
    "postal-code": "B5 5SE",
    "plus-code": "9C4WF4H9+49"
  }
}, {
  "title": "The Royal Institution",
  "url": "https://venue.rigb.org",
  "address": {
    "street-address": "21 Albemarle Street",
    "locality": "Mayfair",
    "region": "Greater London",
    "country-name": "United Kingdom",
    "postal-code": "W1S 4BS",
    "plus-code": "9C3XGV55+R4"
  }
}, {
  "title": "The Skiff",
  "address": {
    "street-address": "127 Gloucester Road",
    "locality": "Brighton",
    "region": "Sussex",
    "country-name": "United Kingdom",
    "postal-code": "BN1 4AF",
    "plus-code": "9C2XRVG7+M9"
  }
}, {
  "title": "The Sozzled Sausage",
  "address": {
    "street-address": "141 Regent Street",
    "locality": "Royal Leamington Spa",
    "region": "Warwickshire",
    "country-name": "United Kingdom",
    "postal-code": "CV32 4NX",
    "plus-code": "9C4W7FR8+7X"
  }
}, {
  "title": "The Warfield",
  "url": "https://www.thewarfieldtheatre.com",
  "address": {
    "street-address": "982 Market Street",
    "locality": "San Francisco",
    "region": "California",
    "country-name": "United States",
    "postal-code": "94102",
    "plus-code": "849VQHMQ+3R"
  }
}, {
  "title": "The Westin Alexandria",
  "url": "https://www.marriott.com/hotels/travel/wasxw-the-westin-alexandria/",
  "address": {
    "street-address": "2080 Jamieson Ave",
    "locality": "Alexandria",
    "region": "Commonwealth of Virginia",
    "country-name": "United States",
    "postal-code": "22314",
    "plus-code": "87C4RW3M+7R"
  }
}, {
  "title": "Trinity Laban",
  "url": "https://www.trinitylaban.ac.uk",
  "address": {
    "street-address": "30 Creekside",
    "locality": "Deptford",
    "region": "Greater London",
    "country-name": "United Kingdom",
    "postal-code": "SE8 3DZ",
    "plus-code": "9C3XFXJJ+39"
  }
}, {
  "title": "Underbelly Cowgate",
  "address": {
    "street-address": "66 Cowgate",
    "locality": "Edinburgh",
    "region": "Lothian",
    "country-name": "United Kingdom",
    "postal-code": "EH1 1JR",
    "plus-code": "9C7RWRX4+8X"
  }
}, {
  "title": "Unit Editions",
  "address": {
    "street-address": "33 Stannary St",
    "locality": "Lambeth",
    "region": "Greater London",
    "country-name": "United Kingdom",
    "postal-code": "SE11 4AA",
    "plus-code": "9C3XFVPR+C2"
  }
}, {
  "title": "University of Greenwich, Avery Hill Campus",
  "address": {
    "street-address": "Southwood Site, Avery Hill Road",
    "locality": "Eltham",
    "region": "Greater London",
    "country-name": "United Kingdom",
    "postal-code": "SE9 2UG",
    "plus-code": "9F32C3WH+9R"
  }
}, {
  "title": "University of Greenwich, Avery Hill Campus",
  "address": {
    "street-address": "Mansion Site, Bexley Road",
    "locality": "Eltham",
    "region": "Greater London",
    "country-name": "United Kingdom",
    "postal-code": "SE9 2PQ",
    "plus-code": "9F32F32G+3G"
  }
}, {
  "title": "University of South Wales",
  "address": {
    "street-address": "Usk Way",
    "locality": "Newport",
    "region": "Gwent",
    "country-name": "United Kingdom",
    "postal-code": "NP20 2BP",
    "plus-code": "9C3VH2P5+8X"
  }
}, {
  "title": "Utilita Arena",
  "url": "http://www.utilitaarena.co.uk/",
  "address": {
    "street-address": "Arena Way",
    "locality": "Newcastle upon Tyne",
    "region": "Tyne and Wear",
    "country-name": "United Kingdom",
    "postal-code": "NE4 7NA",
    "plus-code": "9C6WX97G+HQ"
  },
  "former-names": [
    "Newcastle Arena (1995–1997)",
    "Telewest Arena (1997–2004)",
    "Metro Radio Arena"
  ]
}, {
  "title": "Victoria and Albert Museum",
  "url": "https://www.vam.ac.uk",
  "address": {
    "street-address": "Cromwell Road",
    "locality": "Kensington",
    "region": "Greater London",
    "country-name": "United Kingdom",
    "postal-code": "SW7 2RL",
    "plus-code": "9C3XFRWH+M4"
  }
}, {
  "title": "Volkswagen Digital:Lab",
  "url": "https://www.vw-dilab.com",
  "address": {
    "street-address": "Stralauer Allee 7",
    "locality": "Berlin",
    "region": "Berlin",
    "country-name": "Germany",
    "postal-code": "10245",
    "plus-code": "9F4MFFX4+X2"
  }
}, {
  "title": "Waterfront Hall",
  "url": "https://www.waterfront.co.uk",
  "address": {
    "street-address": "2 Lanyon Place",
    "locality": "Belfast",
    "region": "County Antrim",
    "country-name": "United Kingdom",
    "postal-code": "BT1 3WH",
    "plus-code": "9C6PH3WJ+V2"
  }
}, {
  "title": "Wembley Arena",
  "url": "https://www.ssearena.co.uk",
  "address": {
    "street-address": "Arena Square, Engineers Way",
    "locality": "Wembley",
    "region": "Greater London",
    "country-name": "United Kingdom",
    "postal-code": "HA9 0AA",
    "plus-code": "9C3XHP58+6X"
  }
}, {
  "title": "Wembley Stadium",
  "url": "http://www.wembleystadium.com",
  "address": {
    "street-address": "South Way",
    "locality": "Wembley",
    "region": "Greater London",
    "country-name": "United Kingdom",
    "postal-code": "HA9 0WS",
    "plus-code": "9C3XHP4C+C5"
  }
}, {
  "title": "White Hart Lane",
  "address": {
    "street-address": "748 High Road",
    "locality": "Tottenham",
    "region": "Greater London",
    "country-name": "United Kingdom",
    "postal-code": "N17 0AP",
    "plus-code": "9C3XJW3M+7P"
  }
}, {
  "title": "Wyndham’s Theatre",
  "url": "http://www.wyndhamstheatre.co.uk",
  "address": {
    "street-address": "Charing Cross Road",
    "locality": "Soho",
    "region": "Greater London",
    "country-name": "United Kingdom",
    "postal-code": "WC2H 0DA",
    "plus-code": "9C3XGV6C+FP"
  }
}, {
  "title": "Yale Union",
  "url": "https://yaleunion.org",
  "address": {
    "street-address": "800 SE 10th Avenue",
    "locality": "Portland",
    "region": "Oregon",
    "country-name": "United States",
    "postal-code": "97214",
    "plus-code": "84QVG88V+MQ"
  }
}]
